-- ============================================================================
-- supabase/seed.sql — GENERATED by `pnpm gen:seed` from lib/catalog/*.
-- DO NOT EDIT BY HAND. Prices live in lib/catalog/data.ts (single source of
-- truth, spec B1). Idempotent: safe to run repeatedly via `pnpm db:seed`.
-- All pricing is PLACEHOLDER — the admin reviews it before launch.
-- ============================================================================

insert into public.games (slug, name, short_name, divisions_per_tier, is_active, sort_order) values
  ('league-of-legends', 'League of Legends', 'LoL', 4, true, 10),
  ('valorant', 'Valorant', 'VAL', 3, true, 20),
  ('overwatch-2', 'Overwatch 2', 'OW2', 5, true, 30),
  ('marvel-rivals', 'Marvel Rivals', 'MR', 3, true, 40)
on conflict (slug) do update set name = excluded.name, short_name = excluded.short_name, divisions_per_tier = excluded.divisions_per_tier, is_active = excluded.is_active, sort_order = excluded.sort_order;

insert into public.services (type, slug, name, short, blurb, is_active, sort_order) values
  ('rank_boost'::service_type, 'rank-boost', 'Rank / Division Boost', 'Rank Boost', 'Climb from your current rank to your goal — a pro plays until you''re there.', true, 10),
  ('placements'::service_type, 'placements', 'Placement Matches', 'Placements', 'Start your season strong with a high-win-rate placement run.', true, 20),
  ('net_wins'::service_type, 'net-wins', 'Ranked Net Wins', 'Net Wins', 'Buy a set number of guaranteed net wins at your current rank.', true, 30)
on conflict (type) do update set slug = excluded.slug, name = excluded.name, short = excluded.short, blurb = excluded.blurb, is_active = excluded.is_active, sort_order = excluded.sort_order;

insert into public.ranks (game_slug, tier, division, label, sort_index, climb_price_cents, climb_eta_hours, is_purchasable) values
  ('league-of-legends', 'Iron', 4, 'Iron IV', 0, 600, 2, true),
  ('league-of-legends', 'Iron', 3, 'Iron III', 1, 600, 2, true),
  ('league-of-legends', 'Iron', 2, 'Iron II', 2, 600, 2, true),
  ('league-of-legends', 'Iron', 1, 'Iron I', 3, 600, 2, true),
  ('league-of-legends', 'Bronze', 4, 'Bronze IV', 4, 900, 2.5, true),
  ('league-of-legends', 'Bronze', 3, 'Bronze III', 5, 900, 2.5, true),
  ('league-of-legends', 'Bronze', 2, 'Bronze II', 6, 900, 2.5, true),
  ('league-of-legends', 'Bronze', 1, 'Bronze I', 7, 900, 2.5, true),
  ('league-of-legends', 'Silver', 4, 'Silver IV', 8, 1200, 3, true),
  ('league-of-legends', 'Silver', 3, 'Silver III', 9, 1200, 3, true),
  ('league-of-legends', 'Silver', 2, 'Silver II', 10, 1200, 3, true),
  ('league-of-legends', 'Silver', 1, 'Silver I', 11, 1200, 3, true),
  ('league-of-legends', 'Gold', 4, 'Gold IV', 12, 1800, 3.5, true),
  ('league-of-legends', 'Gold', 3, 'Gold III', 13, 1800, 3.5, true),
  ('league-of-legends', 'Gold', 2, 'Gold II', 14, 1800, 3.5, true),
  ('league-of-legends', 'Gold', 1, 'Gold I', 15, 1800, 3.5, true),
  ('league-of-legends', 'Platinum', 4, 'Platinum IV', 16, 2600, 4.5, true),
  ('league-of-legends', 'Platinum', 3, 'Platinum III', 17, 2600, 4.5, true),
  ('league-of-legends', 'Platinum', 2, 'Platinum II', 18, 2600, 4.5, true),
  ('league-of-legends', 'Platinum', 1, 'Platinum I', 19, 2600, 4.5, true),
  ('league-of-legends', 'Emerald', 4, 'Emerald IV', 20, 3800, 5.5, true),
  ('league-of-legends', 'Emerald', 3, 'Emerald III', 21, 3800, 5.5, true),
  ('league-of-legends', 'Emerald', 2, 'Emerald II', 22, 3800, 5.5, true),
  ('league-of-legends', 'Emerald', 1, 'Emerald I', 23, 3800, 5.5, true),
  ('league-of-legends', 'Diamond', 4, 'Diamond IV', 24, 5200, 7, true),
  ('league-of-legends', 'Diamond', 3, 'Diamond III', 25, 5200, 7, true),
  ('league-of-legends', 'Diamond', 2, 'Diamond II', 26, 5200, 7, true),
  ('league-of-legends', 'Diamond', 1, 'Diamond I', 27, 5200, 7, true),
  ('league-of-legends', 'Master', 0, 'Master', 28, 0, 0, false),
  ('league-of-legends', 'Grandmaster', 0, 'Grandmaster', 29, 0, 0, false),
  ('league-of-legends', 'Challenger', 0, 'Challenger', 30, 0, 0, false),
  ('valorant', 'Iron', 1, 'Iron 1', 0, 800, 2, true),
  ('valorant', 'Iron', 2, 'Iron 2', 1, 800, 2, true),
  ('valorant', 'Iron', 3, 'Iron 3', 2, 800, 2, true),
  ('valorant', 'Bronze', 1, 'Bronze 1', 3, 1000, 2.5, true),
  ('valorant', 'Bronze', 2, 'Bronze 2', 4, 1000, 2.5, true),
  ('valorant', 'Bronze', 3, 'Bronze 3', 5, 1000, 2.5, true),
  ('valorant', 'Silver', 1, 'Silver 1', 6, 1300, 3, true),
  ('valorant', 'Silver', 2, 'Silver 2', 7, 1300, 3, true),
  ('valorant', 'Silver', 3, 'Silver 3', 8, 1300, 3, true),
  ('valorant', 'Gold', 1, 'Gold 1', 9, 1600, 3.5, true),
  ('valorant', 'Gold', 2, 'Gold 2', 10, 1600, 3.5, true),
  ('valorant', 'Gold', 3, 'Gold 3', 11, 1600, 3.5, true),
  ('valorant', 'Platinum', 1, 'Platinum 1', 12, 2100, 4.5, true),
  ('valorant', 'Platinum', 2, 'Platinum 2', 13, 2100, 4.5, true),
  ('valorant', 'Platinum', 3, 'Platinum 3', 14, 2100, 4.5, true),
  ('valorant', 'Diamond', 1, 'Diamond 1', 15, 2700, 5.5, true),
  ('valorant', 'Diamond', 2, 'Diamond 2', 16, 2700, 5.5, true),
  ('valorant', 'Diamond', 3, 'Diamond 3', 17, 2700, 5.5, true),
  ('valorant', 'Ascendant', 1, 'Ascendant 1', 18, 4000, 7, true),
  ('valorant', 'Ascendant', 2, 'Ascendant 2', 19, 4000, 7, true),
  ('valorant', 'Ascendant', 3, 'Ascendant 3', 20, 4000, 7, true),
  ('valorant', 'Immortal', 0, 'Immortal', 21, 0, 0, false),
  ('valorant', 'Radiant', 0, 'Radiant', 22, 0, 0, false),
  ('overwatch-2', 'Bronze', 5, 'Bronze 5', 0, 900, 2, true),
  ('overwatch-2', 'Bronze', 4, 'Bronze 4', 1, 900, 2, true),
  ('overwatch-2', 'Bronze', 3, 'Bronze 3', 2, 900, 2, true),
  ('overwatch-2', 'Bronze', 2, 'Bronze 2', 3, 900, 2, true),
  ('overwatch-2', 'Bronze', 1, 'Bronze 1', 4, 900, 2, true),
  ('overwatch-2', 'Silver', 5, 'Silver 5', 5, 1100, 2.5, true),
  ('overwatch-2', 'Silver', 4, 'Silver 4', 6, 1100, 2.5, true),
  ('overwatch-2', 'Silver', 3, 'Silver 3', 7, 1100, 2.5, true),
  ('overwatch-2', 'Silver', 2, 'Silver 2', 8, 1100, 2.5, true),
  ('overwatch-2', 'Silver', 1, 'Silver 1', 9, 1100, 2.5, true),
  ('overwatch-2', 'Gold', 5, 'Gold 5', 10, 1400, 3, true),
  ('overwatch-2', 'Gold', 4, 'Gold 4', 11, 1400, 3, true),
  ('overwatch-2', 'Gold', 3, 'Gold 3', 12, 1400, 3, true),
  ('overwatch-2', 'Gold', 2, 'Gold 2', 13, 1400, 3, true),
  ('overwatch-2', 'Gold', 1, 'Gold 1', 14, 1400, 3, true),
  ('overwatch-2', 'Platinum', 5, 'Platinum 5', 15, 1700, 3.5, true),
  ('overwatch-2', 'Platinum', 4, 'Platinum 4', 16, 1700, 3.5, true),
  ('overwatch-2', 'Platinum', 3, 'Platinum 3', 17, 1700, 3.5, true),
  ('overwatch-2', 'Platinum', 2, 'Platinum 2', 18, 1700, 3.5, true),
  ('overwatch-2', 'Platinum', 1, 'Platinum 1', 19, 1700, 3.5, true),
  ('overwatch-2', 'Diamond', 5, 'Diamond 5', 20, 2200, 4.5, true),
  ('overwatch-2', 'Diamond', 4, 'Diamond 4', 21, 2200, 4.5, true),
  ('overwatch-2', 'Diamond', 3, 'Diamond 3', 22, 2200, 4.5, true),
  ('overwatch-2', 'Diamond', 2, 'Diamond 2', 23, 2200, 4.5, true),
  ('overwatch-2', 'Diamond', 1, 'Diamond 1', 24, 2200, 4.5, true),
  ('overwatch-2', 'Master', 5, 'Master 5', 25, 3400, 6, true),
  ('overwatch-2', 'Master', 4, 'Master 4', 26, 3400, 6, true),
  ('overwatch-2', 'Master', 3, 'Master 3', 27, 3400, 6, true),
  ('overwatch-2', 'Master', 2, 'Master 2', 28, 3400, 6, true),
  ('overwatch-2', 'Master', 1, 'Master 1', 29, 3400, 6, true),
  ('overwatch-2', 'Grandmaster', 5, 'Grandmaster 5', 30, 5500, 8, true),
  ('overwatch-2', 'Grandmaster', 4, 'Grandmaster 4', 31, 5500, 8, true),
  ('overwatch-2', 'Grandmaster', 3, 'Grandmaster 3', 32, 5500, 8, true),
  ('overwatch-2', 'Grandmaster', 2, 'Grandmaster 2', 33, 5500, 8, true),
  ('overwatch-2', 'Grandmaster', 1, 'Grandmaster 1', 34, 5500, 8, true),
  ('overwatch-2', 'Champion', 0, 'Champion', 35, 0, 0, false),
  ('marvel-rivals', 'Bronze', 3, 'Bronze III', 0, 800, 1.5, true),
  ('marvel-rivals', 'Bronze', 2, 'Bronze II', 1, 800, 1.5, true),
  ('marvel-rivals', 'Bronze', 1, 'Bronze I', 2, 800, 1.5, true),
  ('marvel-rivals', 'Silver', 3, 'Silver III', 3, 1000, 2, true),
  ('marvel-rivals', 'Silver', 2, 'Silver II', 4, 1000, 2, true),
  ('marvel-rivals', 'Silver', 1, 'Silver I', 5, 1000, 2, true),
  ('marvel-rivals', 'Gold', 3, 'Gold III', 6, 1200, 2.5, true),
  ('marvel-rivals', 'Gold', 2, 'Gold II', 7, 1200, 2.5, true),
  ('marvel-rivals', 'Gold', 1, 'Gold I', 8, 1200, 2.5, true),
  ('marvel-rivals', 'Platinum', 3, 'Platinum III', 9, 1600, 3, true),
  ('marvel-rivals', 'Platinum', 2, 'Platinum II', 10, 1600, 3, true),
  ('marvel-rivals', 'Platinum', 1, 'Platinum I', 11, 1600, 3, true),
  ('marvel-rivals', 'Diamond', 3, 'Diamond III', 12, 2200, 4, true),
  ('marvel-rivals', 'Diamond', 2, 'Diamond II', 13, 2200, 4, true),
  ('marvel-rivals', 'Diamond', 1, 'Diamond I', 14, 2200, 4, true),
  ('marvel-rivals', 'Grandmaster', 3, 'Grandmaster III', 15, 4000, 6, true),
  ('marvel-rivals', 'Grandmaster', 2, 'Grandmaster II', 16, 4000, 6, true),
  ('marvel-rivals', 'Grandmaster', 1, 'Grandmaster I', 17, 4000, 6, true),
  ('marvel-rivals', 'Celestial', 3, 'Celestial III', 18, 6000, 8, true),
  ('marvel-rivals', 'Celestial', 2, 'Celestial II', 19, 6000, 8, true),
  ('marvel-rivals', 'Celestial', 1, 'Celestial I', 20, 6000, 8, true),
  ('marvel-rivals', 'Eternity', 0, 'Eternity', 21, 0, 0, false),
  ('marvel-rivals', 'One Above All', 0, 'One Above All', 22, 0, 0, false)
on conflict (game_slug, sort_index) do update set tier = excluded.tier, division = excluded.division, label = excluded.label, climb_price_cents = excluded.climb_price_cents, climb_eta_hours = excluded.climb_eta_hours, is_purchasable = excluded.is_purchasable;

insert into public.placement_prices (game_slug, band, label, price_per_game_cents, min_games, max_games, eta_per_game_hours) values
  ('league-of-legends', 'unranked_low'::placement_band, 'Unranked / Bronze–Silver', 600, 1, 5, 0.8),
  ('league-of-legends', 'mid'::placement_band, 'Gold–Platinum', 780, 1, 5, 0.8),
  ('league-of-legends', 'high'::placement_band, 'Diamond+', 1020, 1, 5, 0.8),
  ('valorant', 'unranked_low'::placement_band, 'Unranked / Bronze–Silver', 600, 1, 5, 0.8),
  ('valorant', 'mid'::placement_band, 'Gold–Platinum', 780, 1, 5, 0.8),
  ('valorant', 'high'::placement_band, 'Diamond+', 1020, 1, 5, 0.8),
  ('overwatch-2', 'unranked_low'::placement_band, 'Unranked / Bronze–Silver', 700, 1, 10, 0.8),
  ('overwatch-2', 'mid'::placement_band, 'Gold–Platinum', 910, 1, 10, 0.8),
  ('overwatch-2', 'high'::placement_band, 'Diamond+', 1190, 1, 10, 0.8),
  ('marvel-rivals', 'unranked_low'::placement_band, 'Unranked / Bronze–Silver', 600, 1, 10, 0.8),
  ('marvel-rivals', 'mid'::placement_band, 'Gold–Platinum', 780, 1, 10, 0.8),
  ('marvel-rivals', 'high'::placement_band, 'Diamond+', 1020, 1, 10, 0.8)
on conflict (game_slug, band) do update set label = excluded.label, price_per_game_cents = excluded.price_per_game_cents, min_games = excluded.min_games, max_games = excluded.max_games, eta_per_game_hours = excluded.eta_per_game_hours;

insert into public.net_win_groups (game_slug, group_key, label, price_per_win_cents, tiers, eta_per_win_hours) values
  ('league-of-legends', 'low'::net_win_group, 'Low tiers', 400, array['Iron', 'Bronze', 'Silver']::text[], 0.7),
  ('league-of-legends', 'mid'::net_win_group, 'Mid tiers', 800, array['Gold', 'Platinum']::text[], 0.7),
  ('league-of-legends', 'high'::net_win_group, 'High tiers', 1500, array['Emerald', 'Diamond']::text[], 0.7),
  ('league-of-legends', 'elite'::net_win_group, 'Elite tiers', 2800, array['Master', 'Grandmaster', 'Challenger']::text[], 0.7),
  ('valorant', 'low'::net_win_group, 'Low tiers', 450, array['Iron', 'Bronze', 'Silver']::text[], 0.7),
  ('valorant', 'mid'::net_win_group, 'Mid tiers', 850, array['Gold', 'Platinum']::text[], 0.7),
  ('valorant', 'high'::net_win_group, 'High tiers', 1600, array['Diamond', 'Ascendant']::text[], 0.7),
  ('valorant', 'elite'::net_win_group, 'Elite tiers', 3000, array['Immortal', 'Radiant']::text[], 0.7),
  ('overwatch-2', 'low'::net_win_group, 'Low tiers', 450, array['Bronze', 'Silver']::text[], 0.7),
  ('overwatch-2', 'mid'::net_win_group, 'Mid tiers', 800, array['Gold', 'Platinum']::text[], 0.7),
  ('overwatch-2', 'high'::net_win_group, 'High tiers', 1400, array['Diamond']::text[], 0.7),
  ('overwatch-2', 'elite'::net_win_group, 'Elite tiers', 2600, array['Master', 'Grandmaster']::text[], 0.7),
  ('marvel-rivals', 'low'::net_win_group, 'Low tiers', 400, array['Bronze', 'Silver']::text[], 0.7),
  ('marvel-rivals', 'mid'::net_win_group, 'Mid tiers', 700, array['Gold', 'Platinum']::text[], 0.7),
  ('marvel-rivals', 'high'::net_win_group, 'High tiers', 1300, array['Diamond']::text[], 0.7),
  ('marvel-rivals', 'elite'::net_win_group, 'Elite tiers', 2600, array['Grandmaster', 'Celestial']::text[], 0.7)
on conflict (game_slug, group_key) do update set label = excluded.label, price_per_win_cents = excluded.price_per_win_cents, tiers = excluded.tiers, eta_per_win_hours = excluded.eta_per_win_hours;

insert into public.modifiers (key, label, description, kind, amount, eta_multiplier, is_default_on, is_active, sort_order, game_slug, service_type, hidden_in_duo) values
  ('express', 'Express priority', 'Your order is prioritized and completed faster.', 'percent'::modifier_kind, 2000, 0.8, false, true, 10, null, null, false),
  ('stream', 'Private stream of games', 'Watch your games live via a private stream.', 'percent'::modifier_kind, 1500, 1, false, true, 20, null, null, false),
  ('appear_offline', 'Appear offline', 'The booster stays offline/invisible while playing (piloted).', 'flat'::modifier_kind, 0, 1, true, true, 30, null, null, true),
  ('pick_characters', 'Choose champions/agents/heroes', 'Specify which characters the booster should play.', 'percent'::modifier_kind, 1000, 1.1, false, true, 40, null, null, false),
  ('solo_queue_only', 'Solo queue only', 'The booster only plays solo queue (piloted).', 'flat'::modifier_kind, 0, 1.15, false, true, 50, null, null, true),
  ('priority_booster', 'Top-rated booster', 'Your order is handled by one of our top-rated boosters.', 'percent'::modifier_kind, 2000, 1, false, true, 60, null, null, false)
on conflict (key) do update set label = excluded.label, description = excluded.description, kind = excluded.kind, amount = excluded.amount, eta_multiplier = excluded.eta_multiplier, is_default_on = excluded.is_default_on, is_active = excluded.is_active, sort_order = excluded.sort_order, game_slug = excluded.game_slug, service_type = excluded.service_type, hidden_in_duo = excluded.hidden_in_duo;

insert into public.regions (game_slug, code, label, multiplier, is_default, sort_order) values
  ('league-of-legends', 'na', 'North America', 1, true, 10),
  ('league-of-legends', 'euw', 'EU West', 1, false, 20),
  ('league-of-legends', 'eune', 'EU Nordic & East', 0.95, false, 30),
  ('league-of-legends', 'br_latam', 'Brazil / LATAM', 0.85, false, 40),
  ('league-of-legends', 'oce', 'Oceania', 1.1, false, 50),
  ('league-of-legends', 'kr', 'Korea', 1.4, false, 60),
  ('valorant', 'na', 'North America', 1, true, 10),
  ('valorant', 'eu', 'Europe', 1, false, 20),
  ('valorant', 'latam', 'LATAM', 0.85, false, 30),
  ('valorant', 'ap', 'Asia Pacific', 1.05, false, 40),
  ('valorant', 'kr', 'Korea', 1.3, false, 50),
  ('overwatch-2', 'americas', 'Americas', 1, true, 10),
  ('overwatch-2', 'europe', 'Europe', 1, false, 20),
  ('overwatch-2', 'asia', 'Asia', 1.1, false, 30),
  ('marvel-rivals', 'americas', 'Americas', 1, true, 10),
  ('marvel-rivals', 'europe', 'Europe', 1, false, 20),
  ('marvel-rivals', 'asia', 'Asia', 1.1, false, 30)
on conflict (game_slug, code) do update set label = excluded.label, multiplier = excluded.multiplier, is_default = excluded.is_default, sort_order = excluded.sort_order;

insert into public.coupons (code, kind, amount, min_order_cents, max_uses, uses, expires_at, is_active) values
  ('WELCOME10', 'percent'::coupon_kind, 1000, 2000, null, 0, null, true)
on conflict (code) do update set kind = excluded.kind, amount = excluded.amount, min_order_cents = excluded.min_order_cents, max_uses = excluded.max_uses, expires_at = excluded.expires_at, is_active = excluded.is_active;

insert into public.loyalty_tiers (name, min_lifetime_spend_cents, discount_bp, cashback_bp, sort_order) values
  ('Bronze', 0, 200, 50, 10),
  ('Silver', 15000, 500, 100, 20),
  ('Gold', 40000, 1000, 150, 30),
  ('Platinum', 75000, 1600, 200, 40),
  ('Diamond', 100000, 1800, 250, 50)
on conflict (name) do update set min_lifetime_spend_cents = excluded.min_lifetime_spend_cents, discount_bp = excluded.discount_bp, cashback_bp = excluded.cashback_bp, sort_order = excluded.sort_order;

insert into public.site_settings (key, value) values
  ('brand_name', '"RankedFrogs"'::jsonb),
  ('support_email', '"support@example.com"'::jsonb),
  ('pricing_reviewed', 'false'::jsonb),
  ('pricing_placeholder_note', '"All pricing is PLACEHOLDER — review and set final prices before launch."'::jsonb),
  ('pricing_settings', '{"duoMultiplierBp":9000,"boosterCutBp":7000,"volumeDiscounts":[{"minCents":10000,"bp":300},{"minCents":20000,"bp":500}],"maxTotalDiscountBp":3000,"lolLpRules":{"proration":{"0":1,"25":0.8,"50":0.6,"75":0.4},"lowGainSurchargeBp":2000,"flexMultiplier":0.9}}'::jsonb)
on conflict (key) do update set value = excluded.value;
